{"UUID":0,"handedness":0,"type":0,"legend":[],"timestamp":0,"ready":0,"powerMode":0,"baro":0,"version":0,"versionPro":0,"IMU_set":{"CARPALS":{"quat":{"x":0.5414638519287109,"y":0.6135891675949097,"z":0.43694934248924255,"w":0.3450355529785156},"acc":{"x":0.6368198990821838,"y":0.26410141587257385,"z":0.6714311242103577},"gyro":{"x":0.544353723526001,"y":0.9613812565803528,"z":0.3501131236553192},"mag":{"x":0.5858036875724792,"y":0.0876639261841774,"z":0.7972973585128784},"temp":0.19341814517974854},"METACARPALS":{"quat":{"x":0.6872674226760864,"y":0.919666588306427,"z":0.01580875739455223,"w":0.8391363024711609},"acc":{"x":0.266046404838562,"y":0.37170514464378357,"z":0.9973446726799011},"gyro":{"x":0.48977044224739075,"y":0.8796370029449463,"z":0.6754948496818542},"mag":{"x":0.44074928760528564,"y":0.4168331027030945,"z":0.737307608127594},"temp":0.24539417028427124,"LED":0,"LED_l":0},"PP_1":{"quat":{"x":0.34464970231056213,"y":0.5672265887260437,"z":0.5483893156051636,"w":0.16919374465942383},"acc":{"x":0.19417084753513336,"y":0.3836814761161804,"z":0.8540452718734741},"gyro":{"x":0.7097991108894348,"y":0.8811032176017761,"z":0.43422091007232666},"mag":{"x":0.9283949136734009,"y":0.7810718417167664,"z":0.8289753198623657},"temp":0.22506682574748993},"IP_1":{"quat":{"x":0.9070845246315002,"y":0.06638535857200623,"z":0.6487833857536316,"w":0.7146159410476685},"acc":{"x":0.28071755170822144,"y":0.33228641748428345,"z":0.9388718605041504},"gyro":{"x":0.6075493097305298,"y":0.7152436375617981,"z":0.770732581615448},"mag":{"x":0.49374061822891235,"y":0.8227099180221558,"z":0.45451995730400085},"temp":0.5387312769889832},"DP_1":{"quat":{"x":0.5028496384620667,"y":0.8023672699928284,"z":0.1575193852186203,"w":0.7555761337280273},"acc":{"x":0.8146600723266602,"y":0.750891387462616,"z":0.7715734839439392},"gyro":{"x":0.04805446043610573,"y":0.022383341565728188,"z":0.9327520132064819},"mag":{"x":0.36422595381736755,"y":0.9778236150741577,"z":0.035543255507946014},"temp":0.5381234288215637,"LED":0,"LED_l":0},"PP_2":{"quat":{"x":0.8845811486244202,"y":0.19145356118679047,"z":0.6039571166038513,"w":0.8438125252723694},"acc":{"x":0.0986444354057312,"y":0.8556348085403442,"z":0.5582848787307739},"gyro":{"x":0.5789136290550232,"y":0.9538154006004333,"z":0.9933988451957703},"mag":{"x":0.2276005893945694,"y":0.30738750100135803,"z":0.5805532932281494},"temp":0.8574438691139221},"IP_2":{"quat":{"x":0.7332863211631775,"y":0.4102024435997009,"z":0.018436552956700325,"w":0.7941856980323792},"acc":{"x":0.1304914653301239,"y":0.3745160698890686,"z":0.8208152651786804},"gyro":{"x":0.42891108989715576,"y":0.25353026390075684,"z":0.38848719000816345},"mag":{"x":0.32745879888534546,"y":0.13941217958927155,"z":0.6592851281166077},"temp":0.9839943051338196},"DP_2":{"quat":{"x":0.8081806898117065,"y":0.1508970707654953,"z":0.16591301560401917,"w":0.2756190896034241},"acc":{"x":0.4944688081741333,"y":0.6955686211585999,"z":0.19584006071090698},"gyro":{"x":0.3404770791530609,"y":0.5041679739952087,"z":0.07444898784160614},"mag":{"x":0.8948257565498352,"y":0.849992573261261,"z":0.1731044054031372},"temp":0.6571451425552368,"LED":0,"LED_l":0},"PP_3":{"quat":{"x":0.30661359429359436,"y":0.9923735857009888,"z":0.7144726514816284,"w":0.4489171504974365},"acc":{"x":0.18022547662258148,"y":0.4075357913970947,"z":0.07009696960449219},"gyro":{"x":0.9151481986045837,"y":0.9633565545082092,"z":0.0035144484136253595},"mag":{"x":0.8404887318611145,"y":0.5202987194061279,"z":0.8851058483123779},"temp":0.875605046749115},"IP_3":{"quat":{"x":0.40948453545570374,"y":0.32603439688682556,"z":0.3540470600128174,"w":0.4846118092536926},"acc":{"x":0.45781391859054565,"y":0.9492216110229492,"z":0.31245559453964233},"gyro":{"x":0.14218543469905853,"y":0.7495409250259399,"z":0.8552410006523132},"mag":{"x":0.6297841668128967,"y":0.8685984015464783,"z":0.3581177294254303},"temp":0.29094064235687256},"DP_3":{"quat":{"x":0.9751318693161011,"y":0.7088431119918823,"z":0.9066176414489746,"w":0.6274313926696777},"acc":{"x":0.43200182914733887,"y":0.8008908629417419,"z":0.2312791645526886},"gyro":{"x":0.10173775255680084,"y":0.7740187048912048,"z":0.13035401701927185},"mag":{"x":0.7200660109519958,"y":0.6763507723808289,"z":0.45276370644569397},"temp":0.5029174089431763,"LED":0,"LED_l":0},"PP_4":{"quat":{"x":0.26629653573036194,"y":0.7149855494499207,"z":0.0749785304069519,"w":0.06098847836256027},"acc":{"x":0.5039933323860168,"y":0.37181463837623596,"z":0.2943189740180969},"gyro":{"x":0.971695601940155,"y":0.347062885761261,"z":0.17243587970733643},"mag":{"x":0.03954853117465973,"y":0.34129953384399414,"z":0.5170836448669434},"temp":0.9596654772758484},"IP_4":{"quat":{"x":0.55658358335495,"y":0.3796972632408142,"z":0.04263682663440704,"w":0.00030135130509734154},"acc":{"x":0.23985806107521057,"y":0.4837445616722107,"z":0.18450184166431427},"gyro":{"x":0.7667428255081177,"y":0.36357519030570984,"z":0.9420690536499023},"mag":{"x":0.587518572807312,"y":0.7598585486412048,"z":0.37789222598075867},"temp":0.9890225529670715},"DP_4":{"quat":{"x":0.7657395005226135,"y":0.976434588432312,"z":0.5653560161590576,"w":0.1262916773557663},"acc":{"x":0.2856379449367523,"y":0.5312591791152954,"z":0.11091785132884979},"gyro":{"x":0.1519586145877838,"y":0.4891647696495056,"z":0.700103759765625},"mag":{"x":0.005032999441027641,"y":0.9282900094985962,"z":0.08227905631065369},"temp":0.7011957168579102,"LED":0,"LED_l":0},"PP_5":{"quat":{"x":0.548693835735321,"y":0.15566787123680115,"z":0.08658619970083237,"w":0.8808749318122864},"acc":{"x":0.4507313370704651,"y":0.9642754793167114,"z":0.09143196791410446},"gyro":{"x":0.9358422756195068,"y":0.9847254753112793,"z":0.850645124912262},"mag":{"x":0.21174316108226776,"y":0.2210906594991684,"z":0.44992795586586},"temp":0.44500672817230225},"IP_5":{"quat":{"x":0.006338199600577354,"y":0.6965675354003906,"z":0.7409668564796448,"w":0.4743752181529999},"acc":{"x":0.9869316816329956,"y":0.36051103472709656,"z":0.23872435092926025},"gyro":{"x":0.6723763346672058,"y":0.1032012552022934,"z":0.7579054236412048},"mag":{"x":0.04132937267422676,"y":0.2904652953147888,"z":0.6856410503387451},"temp":0.48524919152259827},"DP_5":{"quat":{"x":0.8426283597946167,"y":0.3172557055950165,"z":0.8025455474853516,"w":0.07900155335664749},"acc":{"x":0.20695215463638306,"y":0.873490571975708,"z":0.02148442529141903},"gyro":{"x":0.5487215518951416,"y":0.9420334696769714,"z":0.8026925325393677},"mag":{"x":0.9958370327949524,"y":0.07608452439308167,"z":0.8660356998443604},"temp":0.3372093737125397,"LED":0,"LED_l":0}}}{"UUID":0,"handedness":0,"type":0,"legend":[],"timestamp":0,"ready":0,"powerMode":0,"baro":0,"version":0,"versionPro":0,"IMU_set":{"CARPALS":{"quat":{"x":0.030716218054294586,"y":0.938281774520874,"z":0.06759601086378098,"w":0.2662978172302246},"acc":{"x":0.3844968378543854,"y":0.20945483446121216,"z":0.17374837398529053},"gyro":{"x":0.9103540182113647,"y":0.37186774611473083,"z":0.10465776175260544},"mag":{"x":0.9291560053825378,"y":0.1424231082201004,"z":0.6856438517570496},"temp":0.5833826661109924},"METACARPALS":{"quat":{"x":0.7785450220108032,"y":0.07532071322202682,"z":0.1430852711200714,"w":0.41289132833480835},"acc":{"x":0.7875126600265503,"y":0.4882817268371582,"z":0.7054973840713501},"gyro":{"x":0.917604386806488,"y":0.6129526495933533,"z":0.064425028860569},"mag":{"x":0.8075741529464722,"y":0.6021421551704407,"z":0.9750149250030518},"temp":0.9376783967018127,"LED":0,"LED_l":0},"PP_1":{"quat":{"x":0.8990939259529114,"y":0.673440158367157,"z":0.8747002482414246,"w":0.6210172772407532},"acc":{"x":0.8987893462181091,"y":0.7754448056221008,"z":0.42266082763671875},"gyro":{"x":0.13223357498645782,"y":0.9174289703369141,"z":0.8739529848098755},"mag":{"x":0.723746120929718,"y":0.8710839748382568,"z":0.11143113672733307},"temp":0.7964661717414856},"IP_1":{"quat":{"x":0.004137503448873758,"y":0.01659371331334114,"z":0.5250599980354309,"w":0.2757411301136017},"acc":{"x":0.24342113733291626,