{
    "geometries": [{
        "type": "Geometry",
        "uuid": "86F47634-AC30-4BE6-8628-3E481BAC5B19",
        "materials": [{
            "visible": true,
            "DbgName": "Material.001",
            "DbgIndex": 0,
            "colorSpecular": [0.5,0.5,0.5],
            "depthTest": true,
            "transparent": false,
            "depthWrite": true,
            "opacity": 0.0,
            "shading": "phong",
            "colorEmissive": [0.0,0.0,0.0],
            "colorDiffuse": [0.640000066757203,0.43849449811122554,0.040021801591244355],
            "colorAmbient": [0.640000066757203,0.43849449811122554,0.040021801591244355],
            "wireframe": false,
            "specularCoef": 50,
            "blending": "NormalBlending",
            "DbgColor": 15658734
        }],
        "data": {
            "normals": [-0.5773491859436035,0.5773491859436035,-0.5773491859436035,-0.5773491859436035,-0.5773491859436035,-0.5773491859436035,-0.7070833444595337,-0.7070833444595337,0.0,-0.7070833444595337,0.7070833444595337,0.0,0.7070833444595337,0.7070833444595337,0.0,0.5773491859436035,0.5773491859436035,-0.5773491859436035,0.7070833444595337,-0.7070833444595337,0.0,0.5773491859436035,-0.5773491859436035,-0.5773491859436035,0.5773491859436035,-0.5773491859436035,0.5773491859436035,-0.5773491859436035,-0.5773491859436035,0.5773491859436035,0.5773491859436035,0.5773491859436035,0.5773491859436035,-0.5773491859436035,0.5773491859436035,0.5773491859436035],
            "vertices": [-1.0,-1.0,-1.0,-1.0,1.0,-1.0,1.0,1.0,-1.0,1.0,-1.0,-1.0,-1.0,-1.0,0.0,-1.0,1.0,0.0,1.0,1.0,0.0,1.0,-1.0,0.0,-1.0,-1.0,1.0,-1.0,1.0,1.0,1.0,1.0,1.0,1.0,-1.0,1.0],
            "uvs": [[0.5000001192092896,0.333333283662796,0.5000000596046448,1.9868208411821797e-08,0.6666666865348816,0.0,0.6666667461395264,0.33333325386047363,0.16666671633720398,0.6666666269302368,0.16666662693023682,0.3333333730697632,0.333333283662796,0.3333333432674408,0.3333333432674408,0.6666666269302368,0.16666674613952637,0.3333333134651184,0.1666666716337204,3.9736416823643594e-08,0.3333333134651184,0.0,0.33333340287208557,0.33333325386047363,0.33333343267440796,0.5,0.6666667461395264,0.5,0.6666667461395264,0.6666666269302368,0.33333346247673035,0.6666666269302368,1.0,0.0,1.0,0.33333322405815125,0.6666667461395264,0.33333322405815125,0.6666667461395264,2.9802313505911115e-08,0.33333340287208557,0.3333333730697632,0.6666666865348816,0.3333333432674408,0.0,0.6666667461395264,0.33333325386047363,0.6666666865348816,0.333333283662796,0.9999999403953552,4.967052547044659e-08,0.9999999403953552,1.291433733285885e-07,0.3333333432674408,0.0,8.940693874137651e-08,3.973642037635727e-08,0.6666666865348816,0.0,0.33333340287208557,0.33333346247673035,0.3333333134651184,0.33333340287208557,3.9736416823643594e-08]],
            "faces": [43,1,0,4,5,0,2,3,0,1,0,1,2,3,43,5,6,2,1,0,4,5,6,7,3,4,5,0,43,6,7,3,2,0,8,9,10,11,4,6,7,5,43,0,3,7,4,0,14,15,12,13,1,7,6,2,43,0,1,2,3,0,16,17,18,19,1,0,5,7,43,4,7,11,8,0,13,12,20,21,2,6,8,9,43,11,10,9,8,0,22,23,24,25,8,10,11,9,43,7,6,10,11,0,9,8,26,27,6,4,10,8,43,6,5,9,10,0,5,4,28,29,4,3,11,10,43,5,4,8,9,0,1,0,30,31,3,2,9,11],
            "animation": {
                "length": 3.7083333333333335,
                "hierarchy": [{
                    "parent": -1,
                    "keys": [{
                        "pos": [0.0,0.0,-0.0],
                        "scl": [1,1,1],
                        "rot": [0.0,0.0,-0.0,1.0],
                        "time": 0.0
                    },{
                        "pos": [0.0,0.0,-0.0],
                        "scl": [1,1,1],
                        "rot": [0.0,0.0,-0.0,1.0],
                        "time": 3.7083333333333335
                    }]
                },{
                    "parent": 0,
                    "keys": [{
                        "pos": [0.0,1.0,-0.0],
                        "scl": [1,1,1],
                        "rot": [0.0,0.0,-0.0,1.0],
                        "time": 0.0
                    },{
                        "pos": [0.0,1.0,-0.0],
                        "rot": [0.0,6.95167372555261e-08,-0.517396092414856,0.8557460308074951],
                        "time": 1.2083333333333333
                    },{
                        "pos": [0.0,1.0,-0.0],
                        "rot": [0.0,-8.053930145024424e-08,0.5994344353675842,0.8004239201545715],
                        "time": 2.4583333333333335
                    },{
                        "pos": [0.0,1.0,-0.0],
                        "scl": [1,1,1],
                        "rot": [0.0,0.0,-0.0,1.0],
                        "time": 3.7083333333333335
                    }]
                }],
                "fps": 24,
                "name": "ArmatureAction"
            },
            "name": "Cube.001Geometry.8",
            "skinIndices": [0,1,0,1,0,1,0,1,1,0,0,1,1,0,0,1,1,0,1,0,1,0,1,0],
            "bones": [{
                "pos": [0.0,0.0,-0.0],
                "rotq": [0,0,0,1],
                "parent": -1,
                "name": "Bone"
            },{
                "pos": [0.0,1.0,-0.0],
                "rotq": [0,0,0,1],
                "parent": 0,
                "name": "Bone.001"
            }],
            "skinWeights": [0.9581260681152344,0.03374771401286125,0.9619543552398682,0.026091335341334343,0.9581260681152344,0.033747706562280655,0.9619543552398682,0.02609134092926979,0.500066339969635,0.49993351101875305,0.5000664591789246,0.4999334514141083,0.500066339969635,0.4999334514141083,0.5000663995742798,0.49993348121643066,0.9619542360305786,0.026091335341334343,0.9581260085105896,0.033747751265764236,0.9619542360305786,0.026091350242495537,0.9581260681152344,0.033747751265764236],
            "metadata": {
                "normals": 12,
                "vertices": 12,
                "version": 3,
                "faces": 10,
                "materials": 1,
                "bones": 2,
                "generator": "io_three",
                "uvs": 1
            },
            "influencesPerVertex": 2
        }
    }],
    "metadata": {
        "version": 4.3,
        "type": "Object",
        "sourceFile": "rigged_hand.blend",
        "generator": "io_three"
    },
    "materials": [{
        "emissive": 0,
        "type": "MeshPhongMaterial",
        "shininess": 50,
        "ambient": 10724259,
        "color": 10724259,
        "depthTest": true,
        "depthWrite": true,
        "name": "Material",
        "blending": "NormalBlending",
        "vertexColors": false,
        "specular": 8355711,
        "uuid": "2A2FEF34-7983-46BD-ADB0-27BC7FB762AF"
    },{
        "emissive": 0,
        "type": "MeshPhongMaterial",
        "shininess": 50,
        "ambient": 10710794,
        "color": 10710794,
        "depthTest": true,
        "depthWrite": true,
        "name": "Material.001",
        "blending": "NormalBlending",
        "vertexColors": false,
        "specular": 8355711,
        "uuid": "6C8EEB46-0D9F-4414-BAD3-B917BB3EF812"
    }],
    "images": [],
    "textures": [],
    "object": {
        "children": [{
            "type": "Mesh",
            "name": "Cube",
            "uuid": "67F53EE3-0E19-4CE6-8B55-2C1484B610FB",
            "position": [0.0,0.9999999403953552,3.422854177870249e-08],
            "rotation": [-1.5707964897155762,0.0,0.0],
            "scale": [0.30000001192092896,0.29999998211860657,0.9999999403953552],
            "visible": true,
            "material": "6C8EEB46-0D9F-4414-BAD3-B917BB3EF812",
            "castShadow": true,
            "receiveShadow": true,
            "geometry": "86F47634-AC30-4BE6-8628-3E481BAC5B19"
        }],
        "type": "Scene",
        "uuid": "7E0B48AD-8899-46CE-AFC8-2749EB868946",
        "matrix": [1,0,0,0,0,1,0,0,0,0,1,0,0,0,0,1]
    }
}